Method,Direction,Accurate
Old,books-dvd,0.666833416708354
Old,books-elec,0.637637637637638
Old,books-kitchen,0.64232116058029
Old,dvd-books,0.6625
Old,dvd-elec,0.643643643643644
Old,dvd-kitchen,0.659829914957479
Old,elec-books,0.6205
Old,elec-dvd,0.659829914957479
Old,elec-kitchen,0.707853926963482
Old,kitchen-books,0.6715
Old,kitchen-dvd,0.653826913456728
Old,kitchen-elec,0.723723723723724
New,books-dvd,0.688844422211106
New,books-elec,0.671171171171171
New,books-kitchen,0.680840420210105
New,dvd-books,0.675
New,dvd-elec,0.662662662662663
New,dvd-kitchen,0.690845422711356
New,elec-books,0.673
New,elec-dvd,0.671835917958979
New,elec-kitchen,0.732866433216608
New,kitchen-books,0.684
New,kitchen-dvd,0.67383691845923
New,kitchen-elec,0.747747747747748
