Method,Direction,Accurate
Old,books-dvd,0.797898949474737
Old,books-elec,0.796796796796797
Old,books-kitchen,0.809404702351176
Old,dvd-books,0.799
Old,dvd-elec,0.808308308308308
Old,dvd-kitchen,0.819909954977489
Old,elec-books,0.75
Old,elec-dvd,0.753376688344172
Old,elec-kitchen,0.848924462231116
Old,kitchen-books,0.765
Old,kitchen-dvd,0.763381690845423
Old,kitchen-elec,0.825325325325325
